{
  "Get aws/sts" : {
    "transaction" : "Get aws/sts",
    "sampleCount" : 2700,
    "errorCount" : 0,
    "errorPct" : 0.0,
    "meanResTime" : 254.33888888888845,
    "medianResTime" : 227.0,
    "minResTime" : 178.0,
    "maxResTime" : 6242.0,
    "pct1ResTime" : 271.0,
    "pct2ResTime" : 325.0,
    "pct3ResTime" : 779.8399999999965,
    "throughput" : 5.767357610348776,
    "receivedKBytesPerSec" : 6.398162348980673,
    "sentKBytesPerSec" : 2.2528740665424904
  },
  "Get Phos" : {
    "transaction" : "Get Phos",
    "sampleCount" : 2700,
    "errorCount" : 0,
    "errorPct" : 0.0,
    "meanResTime" : 680.5118518518507,
    "medianResTime" : 608.0,
    "minResTime" : 465.0,
    "maxResTime" : 8416.0,
    "pct1ResTime" : 918.8000000000002,
    "pct2ResTime" : 1046.8499999999995,
    "pct3ResTime" : 1374.8299999999963,
    "throughput" : 5.762593935616886,
    "receivedKBytesPerSec" : 37.21487665647897,
    "sentKBytesPerSec" : 2.8025115038449306
  },
  "Total" : {
    "transaction" : "Total",
    "sampleCount" : 10800,
    "errorCount" : 0,
    "errorPct" : 0.0,
    "meanResTime" : 383.7716666666665,
    "medianResTime" : 347.0,
    "minResTime" : 136.0,
    "maxResTime" : 9760.0,
    "pct1ResTime" : 663.0,
    "pct2ResTime" : 797.0,
    "pct3ResTime" : 1148.0,
    "throughput" : 22.922587450732355,
    "receivedKBytesPerSec" : 50.79233488839034,
    "sentKBytesPerSec" : 10.549091148591428
  },
  "Get Covid Exposure site" : {
    "transaction" : "Get Covid Exposure site",
    "sampleCount" : 2700,
    "errorCount" : 0,
    "errorPct" : 0.0,
    "meanResTime" : 174.41259259259257,
    "medianResTime" : 160.0,
    "minResTime" : 136.0,
    "maxResTime" : 5477.0,
    "pct1ResTime" : 192.0,
    "pct2ResTime" : 213.0,
    "pct3ResTime" : 429.9899999999998,
    "throughput" : 5.766606224090318,
    "receivedKBytesPerSec" : 5.96370702276528,
    "sentKBytesPerSec" : 2.9058289176080114
  },
  "Login  Request" : {
    "transaction" : "Login  Request",
    "sampleCount" : 2700,
    "errorCount" : 0,
    "errorPct" : 0.0,
    "meanResTime" : 425.8233333333329,
    "medianResTime" : 386.0,
    "minResTime" : 320.0,
    "maxResTime" : 9760.0,
    "pct1ResTime" : 450.0,
    "pct2ResTime" : 493.9499999999998,
    "pct3ResTime" : 944.7299999999941,
    "throughput" : 5.741590165294001,
    "receivedKBytesPerSec" : 1.5026818010730394,
    "sentKBytesPerSec" : 2.640907195169409
  }
}